{"cameraMode":{"drawMode":0,"name":"Shaded","section":"Shading Mode"},"sceneLighting":true,"audioPlay":false,"sceneViewState":{"showFog":true,"showMaterialUpdate":false,"showSkybox":true,"showFlares":true,"showImageEffects":true,"showParticleSystems":true},"in2DMode":false,"pivot":{"x":-0.14850997924804688,"y":12.670001983642579,"z":-15.999311447143555},"rotation":{"x":-0.24030017852783204,"y":0.6290627121925354,"z":-0.21357986330986024,"w":-0.7077587246894836},"size":21.814626693725587,"orthographic":false}