{"cameraMode":{"drawMode":0,"name":"Shaded","section":"Shading Mode"},"sceneLighting":true,"audioPlay":false,"sceneViewState":{"showFog":true,"showMaterialUpdate":false,"showSkybox":true,"showFlares":true,"showImageEffects":true,"showParticleSystems":true},"in2DMode":false,"pivot":{"x":0.33943310379981997,"y":5.877655982971191,"z":3.4080052375793459},"rotation":{"x":0.04511913284659386,"y":-0.9378567934036255,"z":0.13341732323169709,"w":0.31716570258140566},"size":8.065325736999512,"orthographic":false}